n_states,log_likelihood,aic,bic
19,3564.145593959867,-6180.291187919734,-3412.3560621917163
