n_states,log_likelihood,aic,bic
3,-21555.71714515262,43187.43429030524,43470.49190966016
4,-12833.778806594903,25769.557613189805,26149.45073390299
5,-11454.221614763599,23036.443229527198,23513.17185159865
6,-5724.901003241091,11603.802006482181,12177.366129911896
7,-2158.8160043291405,4497.632008658281,5168.031633446259
8,-2051.0357759539625,4308.071551907925,5075.306678054166
9,28.298782650927805,175.4024346981444,1039.4730622026484
10,1062.2505581869882,-1866.5011163739764,-905.594987511209
