,To_State_0,To_State_1,To_State_2,To_State_3,To_State_4,To_State_5,To_State_6,To_State_7,To_State_8,To_State_9
From_State_0,0.7584437178221359,8.602426416994208e-33,6.82570884579529e-104,0.1583273914364772,2.1732603343909412e-152,0.00344588288907983,3.049487455083756e-64,0.022335691783834707,2.4097261364232514e-65,0.057447316068472275
From_State_1,4.3486692383784265e-30,0.2998430810958648,0.005410076769354974,4.478637856561806e-25,1.2292131816814146e-95,1.3003762662129981e-12,0.5706050367146467,0.022822033451909557,0.09929166420118661,0.002028107765736979
From_State_2,5.79303908960822e-92,0.007381190808989378,0.8621434176830863,1.2964313315187442e-98,3.3256562877568624e-17,0.07536923470554581,0.04316201402468615,0.007667440730927829,0.00427670204676464,7.739820539607674e-48
From_State_3,0.7085911805897409,6.44659377288187e-08,3.1929216037768656e-87,0.23364804964883576,1.2446313305219232e-113,1.253309721402024e-12,0.0005904257513468833,0.035573791651738906,3.182058655192635e-62,0.02159648789114664
From_State_4,0.0,7.973296027366775e-244,7.827953218084771e-64,1.0853409354557896e-184,0.20108819151469712,0.5814713949175914,0.0,0.0163631393478159,0.20107727421989557,3.128582780365975e-270
From_State_5,0.011850377899360066,0.006236929247662181,0.4951614941818186,0.004654642249427995,0.0038257058954918647,0.1869395168607425,0.08015769358738294,0.02983242317285609,0.017694092860454036,0.16364712404480375
From_State_6,9.627003082546974e-11,0.1869243672874088,0.012389126809126294,0.0006210559868676451,1.7535396508450733e-72,0.003172026090968505,0.6944502907316299,0.017467168950628366,0.0785121560934389,0.006463807953661392
From_State_7,0.2067994431271547,0.18456143391653565,0.07472727804755823,0.05218146672135467,1.5767865832654527e-99,0.08184077018385871,0.24529678561627863,0.052091933276464185,0.05609497727346914,0.04640591183732599
From_State_8,1.6384823813448898e-22,0.20952406309981922,0.014820069782860098,3.163755714537242e-62,0.003252863249114587,0.012234994329274135,0.5820671088107989,0.039254347473855845,0.11820302813738984,0.020643525116887367
From_State_9,0.12141998754869653,0.0016517578117812726,4.254879641318462e-53,0.01938789951251099,1.1287279725974688e-90,0.03183493292550348,0.04477851600748187,0.011061543149140988,0.001635366488805141,0.7682299965560797
